site,title,time,predicted_class,label_name
Yahoo Finance,"These Stocks Are Moving the Most Today: Moderna, Home Depot, Tesla, CATL, Nvidia, D-Wave Quantum, Viking Holdings, and More",2025-05-20 12:04:00 EDT,1,neutral
Yahoo Finance,Qualcomm to Re-Enter the Data Center Market with Nvidia,2025-05-20 12:01:01 EDT,1,neutral
Yahoo Finance,Jim Cramer on NVIDIA (NVDA): ‘You Can’t Own It Like You Used To’,2025-05-20 11:55:10 EDT,1,neutral
Yahoo Finance,"Magnificent Seven Stocks: Amazon, Nvidia Slide; Tesla Rallies",2025-05-20 11:15:42 EDT,1,neutral
Yahoo Finance,Bernstein Maintains Buy Rating on Nvidia as ‘Jensanity’ Hits Taiwan,2025-05-20 11:01:11 EDT,1,neutral
Yahoo Finance,D-Wave Stock Surges 28%. The Company Made an Advancement in the Quantum Race.,2025-05-20 10:59:00 EDT,2,positive
Yahoo Finance,Nvidia Flashes Bullish Signal On 'Smart Data Center Move'; Is Nvidia A Buy Now?,2025-05-20 10:53:22 EDT,1,neutral
Yahoo Finance,"Nvidia Corporation (NVDA) “Appears To Be in All the Right” Sectors, Veteran Investor Says",2025-05-20 10:48:37 EDT,1,neutral
Yahoo Finance,Quantum Computing Stocks: D-Wave's Most Advanced System Commercially Ready,2025-05-20 10:21:34 EDT,1,neutral
Yahoo Finance,Is Intel Stock a Buy Now?,2025-05-20 10:15:00 EDT,1,neutral
Yahoo Finance,"Nvidia And Google Back AI21 Labs In $300M Series D To Build Proprietary LLMs, Challenging OpenAI And Anthropic In Enterprise AI",2025-05-20 10:02:22 EDT,2,positive
Yahoo Finance,Sify Technologies Launches Pay-Per-Use Pricing Model,2025-05-20 09:48:03 EDT,1,neutral
Yahoo Finance,Morgan Stanley says ‘no big surprises’ from Nvidia’s Computex keynote,2025-05-20 09:45:54 EDT,2,positive
Yahoo Finance,"This Artificial Intelligence (AI) Chipmaker Just Got a Game-Changing Boost From Amazon, and Nvidia Investors Should Be Paying Close Attention",2025-05-20 09:45:00 EDT,1,neutral
Yahoo Finance,NVIDIA vs. Super Micro: Which AI Hardware Stock Should You Bet On?,2025-05-20 09:18:00 EDT,1,neutral
Yahoo Finance,The AI Diffusion Rule is Over. What That Means for Trump and China.,2025-05-20 09:17:00 EDT,1,neutral
Yahoo Finance,Nvidia (NVDA) Ends Hopper AI Chip Line for China Amid U.S. Export Curbs,2025-05-20 08:32:55 EDT,1,neutral
Yahoo Finance,"Zacks Investment Ideas feature highlights: NVIDIA, Taiwan Semiconductor, Oracle and CoreWeave",2025-05-20 08:31:00 EDT,2,positive
Yahoo Finance,Nvidia’s Jensen Huang Is Now a Geopolitical Superstar. It Comes With Risks.,2025-05-20 08:17:00 EDT,1,neutral
Yahoo Finance,"High-Yield ETFs: Big Payouts, Bigger Trade-Offs?",2025-05-20 08:14:00 EDT,1,neutral
Finviz,Prediction: This Artificial Intelligence (AI) Stock Will Be Worth $5 Trillion in 3 Years,2025-05-20 13:00:00 EDT,1,neutral
Finviz,"These Stocks Are Moving the Most Today: Moderna, Home Depot, Tesla, CATL, Nvidia, D-Wave Quantum, Viking Holdings, and More",2025-05-20 12:04:00 EDT,1,neutral
Finviz,Jim Cramer on NVIDIA (NVDA): 'You Can't Own It Like You Used To',2025-05-20 11:55:00 EDT,1,neutral
Finviz,What Nvidia Stock Investors Should Know About NVLink Fusion,2025-05-20 11:30:00 EDT,1,neutral
Finviz,Why Is Nvidia-Backed Nebius Stock Soaring Today?,2025-05-20 11:24:00 EDT,1,neutral
Finviz,"Magnificent Seven Stocks: Amazon, Nvidia Slide; Tesla Rallies",2025-05-20 11:15:00 EDT,1,neutral
Finviz,Bernstein Maintains Buy Rating on Nvidia as 'Jensanity' Hits Taiwan,2025-05-20 11:01:00 EDT,1,neutral
Finviz,D-Wave Stock Surges 28%. The Company Made an Advancement in the Quantum Race.,2025-05-20 10:59:00 EDT,2,positive
Finviz,Nvidia Flashes Bullish Signal On 'Smart Data Center Move'; Is Nvidia A Buy Now?,2025-05-20 10:53:00 EDT,1,neutral
Finviz,"Nvidia Corporation (NVDA) ""Appears To Be in All the Right"" Sectors, Veteran Investor Says",2025-05-20 10:48:00 EDT,1,neutral
Finviz,Quantum Computing Stocks: D-Wave's Most Advanced System Commercially Ready,2025-05-20 10:21:00 EDT,1,neutral
Finviz,"Nvidia And Google Back AI21 Labs In $300M Series D To Build Proprietary LLMs, Challenging OpenAI And Anthropic In Enterprise AI",2025-05-20 10:02:00 EDT,2,positive
Finviz,Morgan Stanley says no big surprises from Nvidias Computex keynote,2025-05-20 09:45:00 EDT,2,positive
Finviz,"This Artificial Intelligence (AI) Chipmaker Just Got a Game-Changing Boost From Amazon, and Nvidia Investors Should Be Paying Close Attention",2025-05-20 09:45:00 EDT,1,neutral
Finviz,NVIDIA-Backed CoreWeave Jumps 28%: Is It The Next Great AI Buy?,2025-05-20 09:38:00 EDT,2,positive
Finviz,NVIDIA vs. Super Micro: Which AI Hardware Stock Should You Bet On?,2025-05-20 09:18:00 EDT,1,neutral
Finviz,The AI Diffusion Rule is Over. What That Means for Trump and China.,2025-05-20 09:17:00 EDT,1,neutral
Finviz,D-Wave Stock Surges 20% on Advantage2 Release. Its Energy-Efficient Computing for Hard Problems.,2025-05-20 08:42:00 EDT,2,positive
Finviz,Analog Devices Set to Report Q2 Earnings: Here's What to Expect,2025-05-20 08:36:00 EDT,1,neutral
Finviz,Nvidia (NVDA) Ends Hopper AI Chip Line for China Amid U.S. Export Curbs,2025-05-20 08:32:00 EDT,1,neutral
Finviz,"Zacks Investment Ideas feature highlights: NVIDIA, Taiwan Semiconductor, Oracle and CoreWeave",2025-05-20 08:31:00 EDT,2,positive
Finviz,Nvidias Jensen Huang Is Now a Geopolitical Superstar. It Comes With Risks.,2025-05-20 08:17:00 EDT,1,neutral
Finviz,"MGX, Nvidia, and partners to build Europes largest AI campus",2025-05-20 08:03:00 EDT,1,neutral
Finviz,3 Unstoppable Tech Stocks to Buy Hand Over Fist,2025-05-20 07:45:00 EDT,1,neutral
Finviz,Cadence Rises 27% in a Month: How Should You Play the Stock?,2025-05-20 07:32:00 EDT,2,positive
Finviz,D-Wave Quantum Unveils Advantage2 System. Its Energy-Efficient Computing for Hard Problems.,2025-05-20 07:00:00 EDT,2,positive
Finviz,Nvidia Stock Slips. Whats Weighing on the Chip Makers Shares.,2025-05-20 06:53:00 EDT,1,neutral
Finviz,Jamie Dimons Tariffs Warning Should Have Rocked Markets. Why Hes Being Ignored.,2025-05-20 06:48:00 EDT,0,negative
Finviz,2 Top Artificial Intelligence (AI) Stocks to Buy No Matter What Happens With Tariffs,2025-05-20 06:45:00 EDT,1,neutral
Finviz,"Thales, Radiall, and Foxconn discuss semiconductor production",2025-05-20 06:34:00 EDT,1,neutral
Finviz,Companies Are Planning to Build Factories In America. Are Trump's Tariffs Working?,2025-05-20 06:00:00 EDT,1,neutral
Finviz,Prediction: Nvidia Is About to Leap Past Microsoft to Become the World's Most Valuable Company,2025-05-20 05:51:00 EDT,2,positive
Finviz,"AMD spends $1.6 billion to keep 1,200 engineers in Nvidia fight",2025-05-20 05:40:00 EDT,1,neutral
Finviz,"1 Unstoppable Stock That Could Join Nvidia, Apple, and Microsoft in the $3 Trillion Club in 2026",2025-05-20 04:56:00 EDT,1,neutral
Finviz,5 Monster Stocks to Hold for the Next 10 Years,2025-05-20 04:30:00 EDT,1,neutral
Finviz,Billionaire Chase Coleman Just Added to Tiger Global's Nvidia Stake for the First Time in Over a Year and Dumped These 2 Artificial Intelligence (AI) Stocks,2025-05-20 03:51:00 EDT,1,neutral
Finviz,AI agent race heats up: cross-system integration and standardization key to widespread adoption,2025-05-20 01:55:00 EDT,1,neutral
Finviz,Advantech's Tsai on Business AI Integration Outlook,2025-05-20 01:04:00 EDT,1,neutral
Finviz,Computex 2025: Supermicro pushes AI growth and efficiency amid ongoing Nvidia chip shortage,2025-05-20 00:26:00 EDT,2,positive
Finviz,Nvidia courts ASIC allies with NVLink Fusion-so why is Broadcom still saying no?,2025-05-19 23:59:00 EDT,1,neutral
Finviz,"Nvidia's GB300 gains strong demand with 10,000 units planned for Taiwan AI factory",2025-05-19 23:52:00 EDT,2,positive
Finviz,China accuses US of undermining trade talks with warnings against Huawei chips,2025-05-19 23:48:00 EDT,0,negative
Finviz,Quantum computing enters 'noisy' phase: tech leaders diverge on timelines and expectations,2025-05-19 23:31:00 EDT,1,neutral
Finviz,Computex 2025: ASIC surge prompts Nvidia's Jensen Huang to unveil NVLink Fusion strategy,2025-05-19 22:40:00 EDT,1,neutral
Finviz,Taiwan's Foxconn says AI data centre with Nvidia to have 100 MW of power,2025-05-19 22:29:00 EDT,1,neutral
Finviz,"Arm, Nvidia, and MediaTek map AI's shift from cloud to edge at Computex 2025",2025-05-19 22:27:00 EDT,1,neutral
Finviz,Should You Buy Nvidia Before May 28?,2025-05-19 20:10:00 EDT,1,neutral
Finviz,Nvidia (NVDA) Opens NVLink Fusion to Outside Chips in AI Push,2025-05-19 18:15:00 EDT,1,neutral
Finviz,Cathie Wood Calls Healthcare the Most Overlooked AI Winner,2025-05-19 18:08:00 EDT,1,neutral
Finviz,"After Nearly Dumping His Entire Portfolio and Buying Puts on Nvidia, Did Famed Investor Michael Burry Just Pull Off Another ""Big Short?"" It Certainly Looks That Way.",2025-05-19 18:05:00 EDT,1,neutral
Finviz,Nvidia (NVDA) Opens GPU Marketplace to Ease AI Bottlenecks,2025-05-19 17:33:00 EDT,1,neutral
Finviz,Qualcomm (QCOM) Re-Enters Data Center Market With Nvidia Collaboration,2025-05-19 16:45:00 EDT,1,neutral
Finviz,Nvidia (NVDA) Powers Japan's Largest Quantum Research Supercomputer,2025-05-19 16:38:00 EDT,1,neutral
Finviz,"NVIDIAs Huang blasts U.S. export rules, points to $15 billion in missed sales",2025-05-19 16:37:00 EDT,0,negative
Finviz,AI Leader Nvidia To Sell Hybrid Systems Using Rival Chips,2025-05-19 16:28:00 EDT,1,neutral
Finviz,"Nvidia opening up AI ecosystem with these partnerships, like Qualcomm",2025-05-19 16:26:00 EDT,1,neutral
Finviz,"These Stocks Moved the Most Today: Nvidia, Tesla, UnitedHealth, JPMorgan, SMCI, Palantir, Novavax, and More",2025-05-19 16:26:00 EDT,1,neutral
Finviz,"Stocks to Watch Recap: Walmart, Nvidia, Tesla",2025-05-19 16:22:00 EDT,1,neutral
Finviz,"Stock market today: S&P 500 notches 6-day win streak, Dow, Nasdaq rise as Wall Street shakes off Moody's downgrade",2025-05-19 16:01:00 EDT,2,positive
Finviz,"Stock market today: S&P 500 notches 6-day win streak, Dow rises as Wall Street shakes off Moody's downgrade",2025-05-19 16:01:00 EDT,2,positive
Finviz,Qualcomm Reenters Server CPUs with Nvidia Link,2025-05-19 15:54:00 EDT,1,neutral
Finviz,"Citadel CEO Ken Griffin Offloads NVIDIA, Bets $326 Million on AMD",2025-05-19 15:49:00 EDT,1,neutral
Finviz,Nvidia Is Doing 'Chip Diplomacy': Krach Institute's Giuda,2025-05-19 15:13:00 EDT,1,neutral
Finviz,Nvidia's Key Differentiators Include Its Ability To Expand Its Addressable Market: Analyst,2025-05-19 15:12:00 EDT,1,neutral
Finviz,Nvidia Opens AI Ecosystem to Rival,2025-05-19 15:09:00 EDT,1,neutral
Finviz,What Ray Dalio's Latest Moves Tell Investors,2025-05-19 15:07:00 EDT,1,neutral
Finviz,How CoreWeave Stock Became a $1.7 Billion Win for Nvidia,2025-05-19 14:59:00 EDT,2,positive
Finviz,Jensen Huang Says Deeply Painful China Ban on Nvidias H20 Chips Will Cut Sales by $15 Billion,2025-05-19 14:45:00 EDT,0,negative
Finviz,'Deeply painful': Nvidia CEO says a new chip ban has cost it $15 billion,2025-05-19 14:18:00 EDT,0,negative
Finviz,"Stock market today: Dow, S&P 500, Nasdaq attempt comeback after Moody's downgrades US credit rating",2025-05-19 14:15:00 EDT,1,neutral
Finviz,One AI stock makes up 78% of Nvidia's investment portfolio,2025-05-19 13:47:00 EDT,1,neutral
Finviz,"Dell unveils AI infrastructure push with NVIDIA, Qualcomm",2025-05-19 13:44:00 EDT,1,neutral
Finviz,"NVIDIA ""AI Factories"" -- More Than Clever Marketing?",2025-05-19 13:34:00 EDT,1,neutral
Finviz,"High-Yield ETFs: Big Payouts, Bigger Trade-Offs?",2025-05-19 13:21:00 EDT,1,neutral
Finviz,"Stock market today: Dow, S&P 500, Nasdaq trim losses after Moody's downgrades US credit rating",2025-05-19 13:11:00 EDT,0,negative
Finviz,"Stock market today: Dow, S&P 500, Nasdaq stage comeback after Moody's downgrades US credit rating",2025-05-19 13:11:00 EDT,1,neutral
Finviz,"These Stocks Are Moving the Most Today: Nvidia, Tesla, UnitedHealth, JPMorgan, SMCI, Palantir, Novavax, and More",2025-05-19 12:51:00 EDT,1,neutral
Finviz,Dell unveils new AI servers powered by Nvidia chips to boost enterprise adoption,2025-05-19 12:39:00 EDT,2,positive
Finviz,"Nvidia, Foxconn Unveil Taiwan's 10,000-GPU 'AI Factory' Supercomputer",2025-05-19 12:30:00 EDT,1,neutral
Finviz,Morgan Stanley's Joseph Moore: We've moved past concerns that trade tensions will impact AI spend,2025-05-19 12:29:00 EDT,1,neutral
Finviz,Bernstein's Stacy Rasgon on the biggest takeaways from Jensen Huang's visit to Taiwan,2025-05-19 12:29:00 EDT,1,neutral
Finviz,'Jensantity' hits Taiwan as Nvidia CEO visits country,2025-05-19 12:29:00 EDT,1,neutral
Finviz,"Big Tech's next AI bet is a 'watershed moment,' analyst says  and a $1 trillion opportunity",2025-05-19 12:24:00 EDT,1,neutral
Finviz,Nvidia CEO: China chip ban 'deeply painful' as $15 billion in sales have been lost as a result,2025-05-19 12:21:00 EDT,0,negative
Finviz,"Nvidia NVLink Fusion Stuns at Computex, BofA Calls It 'Most Impactful Reveal'",2025-05-19 12:10:00 EDT,1,neutral
Finviz,Why Nvidia (NVDA) Could Beat Earnings Estimates Again,2025-05-19 12:10:00 EDT,2,positive
Finviz,Nvidia Drops Amazing News at Computex That Changes the Artificial Intelligence (AI) Market Completely,2025-05-19 12:09:00 EDT,0,negative
Finviz,"What Nvidia, CoreWeave, and Google Stock Investors Should Know About the Latest Updates",2025-05-19 12:06:00 EDT,1,neutral
Finviz,"Nvidia, Mistral AI Unveil Europe's Largest AI Hub",2025-05-19 11:58:00 EDT,1,neutral
Finviz,Marvell Teams Up With Nvidia To Help Hyperscalers Scale AI Infrastructure,2025-05-19 11:50:00 EDT,1,neutral
Finviz,Nvidia Is Sitting On a $1.7 Billion Win With CoreWeave Stock,2025-05-19 11:43:00 EDT,2,positive
Finviz,Nvidia isn't just building AI chips. It's building an AI-powered world,2025-05-19 11:38:00 EDT,1,neutral
Finviz,Nvidia Leaves Rival Broadcom Out In AI Data Center Race; Is Nvidia A Buy Now?,2025-05-19 11:30:00 EDT,1,neutral
Finviz,Zoom Gears Up to Post Q1 Earnings: What's in Store for the Stock?,2025-05-19 10:59:00 EDT,1,neutral
Finviz,"What You Have Learned From The Motley Fool's David Gardner, Vol. 6",2025-05-19 10:56:00 EDT,1,neutral
Finviz,Nvidia stock wavers as market turmoil eclipses AI chip announcements,2025-05-19 10:53:00 EDT,1,neutral
Finviz,Pre-Markets in Red on Rating Downgrade Concerns,2025-05-19 10:52:00 EDT,0,negative
Finviz,Nvidia Stock Falls. Whats Overshadowing Its AI Chip Moves.,2025-05-19 10:32:00 EDT,0,negative
Finviz,Nvidia's new AI tools are 'largely bullish' for investors,2025-05-19 10:21:00 EDT,2,positive
Finviz,"Pre-Markets Lower as the Street Absorbs Downgrade, Warnings",2025-05-19 10:18:00 EDT,0,negative
